{
  "metadata": {
    "schemaVersion": "1.0",
    "importType": "LEX",
    "importFormat": "JSON"
  },
  "resource": {
    "name": "riskLevel",
    "version": "1",
    "enumerationValues": [
      {
        "value": "High"
      },
      {
        "value": "Very Low"
      },
      {
        "value": "Low"
      },
      {
        "value": "Very High"
      },
      {
        "value": "Medium"
      },
      {
        "value": "None",
        "synonyms": []
      }
    ],
    "valueSelectionStrategy": "TOP_RESOLUTION"
  }
}